학교이름,행정동명,,,
다솜공원,주례2동,,,
단비동산공원,사직1동 ,,,
달공원예술벤치,감천2동,,,
동그라미어린이공원,정관읍,,,
반송3동 동네체육공원,반송1동,,,
새싹공원,주례2동,,,
수영환경공원,안락2동 ,,,
신정소공원,사직3동 ,,,
신평소공원,일광읍,,,
실로암공원묘원,철마면,,,
쌈지공원,신평1동,,,
여고소공원,사직3동 ,,,
연잎공원,연산9동,,,
으뜸어린이공원,반여2동,,,
한길소공원,사직3동 ,,,
화지산 제1체육공원,거제2동,,,
거북어린이공원,구포2동,,,
이기대 자연마당,용호2동 ,,,
감만당집마루소공원,감만1동 ,,,
암남공원,암남동,,,
수정산 배수지,수정2동,,,
수정동 우리동네 방재공원,수정1동,,,
해관공원,가덕도동,,,
샛바람길공원,가덕도동,,,
오봉산체육공원,가락동,,,
중사도소공원,가락동,,,
동의대학교 효민원,가야1동,,,
가야감고개공원,가야1동,,,
가야산책공원,가야1동,,,
감고개공원 커뮤니티센터,가야1동,,,
개금1배수지 체육공원,가야2동,,,
온천공원개발,가야2동,,,
참요양병원,가야2동,,,
부산큰병원,가야2동,,,
에덴어린이병원,가야2동,,,
휴병원,가야2동,,,
연세척병원,가야2동,,,
삼락생태공원 자전거대여소,감전동,,,
욜로PC방,감전동,,,
피플PC방,감전동,,,
사상근린공원,감전동,,,
쌈지공원,감전동,,,
우리병원,감전동,,,
감천산림공원,감천1동,,,
감천 나누리파크,감천1동,,,
꽃님공원,감천1동,,,
안골새공원,감천1동,,,
어메니티쉼터,감천1동,,,
부산진구사회복지관어린이집 ,개금1동,,,
PC토랑 개금점,개금1동,,,
개금2동어린이놀이터,개금1동,,,
개금테마공원,개금1동,,,
까치어린이공원,개금1동,,,
화목어린이공원,개금1동,,,
부산백병원장례식장,개금1동,,,
(의)영님의료재단 개금중앙요양병원,개금1동,,,
보현어린이집,개금3동,,,
개나리어린이공원,개금3동,,,
국제백양상가,개금3동,,,
새힘병원,거제1동,,,
대성학원,거제1동,,,
이진용맘병원,거제1동,,,
금송요양병원,거제1동,,,
동래나눔과행복병원,거제1동,,,
거제체육공원,거제2동,,,
어울림공원,거제2동,,,
한마음공원,거제2동,,,
용두산공원,광복동,,,
용두산공원 관리사무소,광복동,,,
용두산공원 꽃시계,광복동,,,
휴메트로커뮤니티파크,광복동,,,
OX PC 광안동점,광안1동,,,
피에스타PC 부산광안점,광안1동,,,
아이팩토리 PC,광안1동,,,
라온공원,광안4동,,,
사랑공원 어린이놀이터,광안4동,,,
파랑새어린이공원,광안4동,,,
호암근린공원,광안4동,,,
창날공원,괘법동,,,
명품가로공원,괘법동,,,
우주PC방,괘법동,,,
이삭어린이집,괴정1동,,,
괴정 오작교체육공원,괴정3동,,,
괴정정자어린이공원,괴정3동,,,
부민산공원,괴정3동,,,
어린이놀이터,괴정3동,,,
회화나무샘터공원,괴정3동,,,
은빛어린이공원,괴정4동,,,
해송어린이공원,괴정4동,,,
구서체육공원,구서2동,,,
구서공원,구서2동,,,
금정공원,구서2동,,,
두실새싹공원,구서2동,,,
샘골공원,구서2동,,,
우성공원,구서2동,,,
구평근린공원,구평동,,,
씨앗어린이공원,구평동,,,
열매어린이공원,구평동,,,
풀꽃어린이공원,구평동,,,
시랑어린이공원,구포1동,,,
구포어린이교통공원,구포2동,,,
백양체육공원,구포3동,,,
음정어린이공원,구포3동,,,
구포생태공원,구포3동,,,
거북소공원,구포3동,,,
대리마을 쌈지공원,구포3동,,,
포천어린이공원,구포3동,,,
구삼어린이공원,구포3동,,,
앤유pc 화명점,금곡동,,,
천사어린이공원,금곡동,,,
대천어린이공원,금곡동,,,
공창어린이공원,금곡동,,,
금빛어린이공원,금곡동,,,
열린어린이공원,금곡동,,,
율리어린이공원,금곡동,,,
민주어린이공원,금곡동,,,
행복어린이공원,금곡동,,,
미래어린이공원,금곡동,,,
사랑어린이공원,금곡동,,,
솔어린이공원,금곡동,,,
우리어린이공원,금곡동,,,
금곡근린공원,금곡동,,,
건강어린이공원,금곡동,,,
의료법인 해림의료재단 부산금사요양병원,금사회동동,,,
윤산여명헬스공원,금사회동동,,,
금천어린이공원,금사회동동,,,
보람어린이공원,금사회동동,,,
은빛공원,금사회동동,,,
화랑어린이공원,금사회동동,,,
동대공원,금사회동동,,,
상록수공원,금사회동동,,,
회동첨단공원,금사회동동,,,
수변공원 배드민턴장2,금사회동동,,,
솔밭공원,금성동,,,
솔밭공원,금성동,,,
교리근린공원,기장읍,,,
남산공원,기장읍,,,
동해공원,기장읍,,,
무궁화공원,기장읍,,,
물결마당공원,기장읍,,,
백두공원,기장읍,,,
봉대공원,기장읍,,,
비둘기공원,기장읍,,,
사라수변공원,기장읍,,,
새마을어린이공원,기장읍,,,
소망공원,기장읍,,,
수령공원,기장읍,,,
아름공원,기장읍,,,
오시리아 수변공원,기장읍,,,
용소웰빙공원,기장읍,,,
우정공원,기장읍,,,
워터프론트파크,기장읍,,,
월전꽃동산,기장읍,,,
은하수공원,기장읍,,,
진달래어린이공원,기장읍,,,
충효공원,기장읍,,,
통일공원,기장읍,,,
해바라기공원,기장읍,,,
굿거리언덕공원,기장읍,,,
뜰마루마당공원,기장읍,,,
솔바람언덕공원,기장읍,,,
기장군청 기장생활체육공원,기장읍,,,
기장생활체육공원,기장읍,,,
동부근린공원 인근 노외공영주차장,기장읍,,,
동부근린공원,기장읍,,,
덕발어린이공원,기장읍,,,
오랑대공원,기장읍,,,
청강소공원,기장읍,,,
현대공원,기장읍,,,
토암공원,기장읍,,,
토암도자기공원,기장읍,,,
남항체육공원,남부민2동,,,
다원쉼터 제1호 꽃님공원점,남산동,,,
비석바위공원,남산동,,,
옥스PC방,남산동,,,
어쌔신 PC클럽,남산동,,,
공립구서어린이집,남산동,,,
푸른숲요양병원,남산동,,,
남산어린이공원,남산동,,,
달님공원,남산동,,,
반남도란공원,남산동,,,
푸른솔밭공원,남산동,,,
형제공원,남산동,,,
요산꽃님공원,남산동,,,
미화공원맨션,남산동,,,
남천해변공원,남천1동,,,
삼익비치 수변공원,남천1동,,,
엑슬루타워상가,남천1동,,,
쌈지공원,남천1동,,,
남항대교 수변공원,남항동,,,
브릿지수변테마공원,남항동,,,
한국해양대학교 아치잔디공원,남항동,,,
가람어린이공원,녹산동,,,
꿈나래어린이공원,녹산동,,,
선비어린이공원,녹산동,,,
숲길공원,녹산동,,,
신명공원,녹산동,,,
지사공원,녹산동,,,
보람공원,녹산동,,,
송정공원,녹산동,,,
희망공원,녹산동,,,
구랑공원,녹산동,,,
압곡공원,녹산동,,,
남강공원,녹산동,,,
미음공원,녹산동,,,
범방공원,녹산동,,,
분절공원,녹산동,,,
수참공원,녹산동,,,
장전공원,녹산동,,,
탑동공원,녹산동,,,
태야공원,녹산동,,,
노적봉공원,녹산동,,,
소담공원,녹산동,,,
소정공원,녹산동,,,
신호공원,녹산동,,,
화동공원,녹산동,,,
화연공원,녹산동,,,
화전공원,녹산동,,,
화암공원,녹산동,,,
불미공원,녹산동,,,
생곡공원,녹산동,,,
생활공원,녹산동,,,
한적공원,녹산동,,,
가리새공원,녹산동,,,
가리새수변공원,녹산동,,,
금병어린이공원,녹산동,,,
녹산고향동산,녹산동,,,
마비등공원,녹산동,,,
범방어린이공원,녹산동,,,
석말공원,녹산동,,,
세산공원,녹산동,,,
우열등공원,녹산동,,,
죽곡공원,녹산동,,,
우방아이유쉘어린이집,녹산동,,,
홍티문화공원,다대1동,,,
노을마당,다대1동,,,
응봉어린이공원,다대1동,,,
초롱공원,다대1동,,,
대성어린이공원,다대1동,,,
다대포해변공원 몰운대 공영주차장,다대1동,,,
다대포해변공원 보도교,다대1동,,,
공간공원,다대1동,,,
낫개가로공원,다대1동,,,
다대근린공원,다대1동,,,
다대꿈동산어린이공원,다대1동,,,
다대포해변공원,다대1동,,,
더불어공원,다대1동,,,
두송공원,다대1동,,,
등나무공원,다대1동,,,
새싹공원,다대1동,,,
솥밭어린이공원,다대1동,,,
아미산전망대공원,다대1동,,,
열림공원,다대1동,,,
조성공원,다대1동,,,
중현공원,다대1동,,,
통일아시아드공원,다대1동,,,
하늘어린이공원,다대1동,,,
다송어린이공원,다대2동,,,
(의)브니엘의료재단 온종합병원,당감2동,,,
미리내어린이공원,당감4동,,,
백두어린이공원,당감4동,,,
백양가족공원,당감4동,,,
색동어린이공원,당감4동,,, 
솔바람어린이공원,당감4동,,,
뉴본여성의원,당리동,,,
당리하이스트 학원,당리동,,,
서호하단병원,당리동,,,
긱스타 PC방 동아대점,당리동,,,
오엑스 피시 동아대점,당리동,,,
당리공원,당리동,,,
제석골산림공원,당리동,,,
돌담쉼터공원,당리동,,,
마루공원,당리동,,,
희망어린이공원,당리동,,,
샛별어린이공원,당리동,,,
탑클래스PC방,당리동,,,
당곡공원,대연1동 ,,,
대연공원,대연1동 ,,,
평화공원,대연1동 ,,,
우룡산공원,대연1동 ,,,
대연혁신도시문화공원,대연1동 ,,,
늘봄어린이공원,대연1동 ,,,
중앙약수터체육공원,대연1동 ,,,
연포하늘공원,대연1동 ,,,
대일어린이공원,대연1동 ,,,
못골어린이공원,대연1동 ,,,
대연6구역소공원,대연1동 ,,,
대연6구역어린이공원2,대연1동 ,,,
냉수욕터 체육공원,대연1동 ,,,
대연6구역어린이공원1,대연1동 ,,,
물만골체육공원,대연3동 ,,,
아이파크PC방 CS점,대연3동 ,,,
3POP PC CAFE 경성대점,대연3동 ,,,
용소마을쌈지공원,대연3동 ,,,
코지PC,대연3동 ,,,
부경대학교어린이집,대연3동 ,,,
대연혁신도시어린이공원,대연3동 ,,,
재한유엔기념공원 상징구역,대연4동 ,,,
UN조각공원,대연4동 ,,,
옥스PC 못골점,대연6동 ,,,
낙동강둔치공원,대저1동,,,
대저생태공원,대저1동,,,
대저수문생태공원,대저1동,,,
서연정공원,대저1동,,,
통일무궁화공원,대저1동,,,
강서체육공원,대저1동,,,
금호공원,대저2동,,,
덕두공원,대저2동,,,
맥도생태공원 게이트볼장,대저2동,,,
상방공원,대저2동,,,
새동내어린이공원,대저2동,,,
용두어린이공원,대저2동,,,
맥도생태공원,대저2동,,,
중앙대청공원,대청동,,,
복병산체육공원 운동장1,대청동,,,
덕천근린공원,덕천1동,,,
화명생태공원,덕천1동,,,
덕천생활체육공원,덕천1동,,,
철쭉어린이공원,덕천1동,,,
덕천휴근린공원,덕천1동,,,
덕천소공원,덕천1동,,,
쉼터어린이공원,덕천1동,,,
덕천어린이공원,덕천1동,,,
꿈나래어린이공원,덕천1동,,,
남산정공원,덕천1동,,,
의성2소공원,덕천1동,,,
덕내어린이공원,덕천1동,,,
숙등어린이공원,덕천1동,,,
기비골어린이공원,덕천1동,,,
의성1소공원,덕천2동,,,
동심공원,덕천3동,,,
꿈꾸는어린이공원,덕천3동,,,
덕포체육공원,덕포2동,,,
부산도서관문화공원,덕포2동,,,
부원쌈지공원,덕포2동,,,
하강선대어울림공원,덕포2동,,,
덕포공원,덕포2동,,,
모라지구공원,덕포2동,,,
복병산체육공원,동광동,,,
용두산공원 공영주차장,동광동,,,
오름소공원,동광동,,,
민주공원,동대신2동,,,
대신공원 산책로,동대신3동,,,
부산생활체육공원,동대신3동,,,
닥밭골 방재공원 2호,동대신3동,,,
BMC와치공원,동삼1동,,,
영도어울림문화공원,동삼1동,,,
함지골공원,동삼1동,,,
광명어린이공원,동삼1동,,,
동삼근린공원,동삼1동,,,
동삼혁신지구근린공원,동삼1동,,,
상리어린이공원,동삼1동,,,
아미르공원,동삼1동,,,
영도 어울림문화공원 출입구,동삼1동,,,
와치어린이공원,동삼1동,,,
절영어린이공원,동삼1동,,,
중리어린이공원,동삼1동,,,
태종대공원 주차장,동삼1동,,,
푸른어린이공원,동삼1동,,,
청학배수지 체육공원,동삼1동,,,
75광장,동삼1동,,,
일산봉어린이공원,동삼3동,,,
팔각어린이공원,동삼3동,,,
한빛어린이공원,만덕1동,,,
하늘어린이공원,만덕2동,,,
하얀마음어린이공원,만덕2동,,,
상록어린이공원,만덕2동,,,
백양근린공원,만덕2동,,,
만덕사지당간지주역사공원,만덕2동,,,
한마음어린이공원,만덕2동,,,
백운어린이공원,만덕2동,,,
동심초어린이공원,만덕2동,,,
풀소리어린이공원,만덕2동,,,
파란마음어린이공원,만덕2동,,,
신덕어린이공원,만덕2동,,,
상학소공원,만덕2동,,,
새소리어린이공원,만덕2동,,,
물소리어린이공원,만덕2동,,,
물샘어린이공원,만덕2동,,,
상계소공원,만덕2동,,,
체담한방병원,만덕2동,,,
함박어린이공원,만덕2동,,,
개나리공원,만덕3동,,,
수영SK뷰어린이집,망미1동,,,
망미동 주민쉼터,망미1동,,,
망미어린이공원 놀이터,망미1동,,,
광안3동 체육공원,망미1동,,,
강변공원,망미1동,,,
과정공원,망미1동,,,
배산공원,망미1동,,,
해오름공원,망미1동,,,
햇살공원,망미1동,,,
동래사적공원,명륜동 ,,,
명서공원,명장1동 ,,,
명장소공원,명장1동 ,,,
명장한마음공원,명장1동 ,,,
세실공원,명장1동 ,,,
화현공원,명장1동 ,,,
스페셜 PC방,명장2동 ,,,
평화공원,명장2동 ,,,
신호문화공원,명지1동,,,
녹산수문공원,명지1동,,,
꽃게어린이공원,명지1동,,,
꿀벌어린이공원,명지1동,,,
나뭇잎어린이공원,명지1동,,,
남명어린이공원,명지1동,,,
너울공원,명지1동,,,
늘품어린이공원,명지1동,,,
도담어린이공원,명지1동,,,
도요새공원,명지1동,,,
돛단배어린이공원,명지1동,,,
두루미공원,명지1동,,,
등대어린이공원,명지1동,,,
맹꽁어린이공원,명지1동,,,
명지근린공원,명지1동,,,
명지소공원,명지1동,,,
명호어린이공원,명지1동,,,
물결공원,명지1동,,,
물떼새공원,명지1동,,,
바다공원,명지1동,,,
봄뜰어린이공원,명지1동,,,
부산명지지구 문화공원,명지1동,,,
소리공원,명지1동,,,
신포나루공원,명지1동,,,
올림공원 어린이놀이터,명지1동,,,
울림공원,명지1동,,,
철새탐방공원,명지1동,,,
큰배어린이공원,명지1동,,,
파도어린이공원,명지1동,,,
해오라기공원,명지1동,,,
갈대성어린이공원,명지2동,,,
큰나무어린이공원,명지2동,,,
별무리어린이공원,명지2동,,,
엠탐PC토랑 명지점,명지2동,,,
웰하이여성아동병원,명지2동,,,
링컨어린이공원,명지2동,,,
에디슨어린이공원,명지2동,,,
고동바위공원,모라1동,,,
야시곡공원,모라1동,,,
곡상골공원,모라1동,,,
모라백양공원,모라1동,,,
모라벤처타워공원,모라1동,,,
모라틔움공원,모라1동,,,
서당골공원,모라1동,,,
어울림공원,모라1동,,,
모라산림공원,모라3동,,,
운수공원,모라3동,,,
이편한세상시민공원어린이집,문현1동 ,,,
 HF보금자리어린이집,문현2동 ,,,
BIFC어린이집,문현2동 ,,,
문현혁신도시문화공원A,문현3동 ,,,
문현어린이공원,문현3동 ,,,
문현혁신도시문화공원B,문현3동 ,,,
개나리어린이공원,문현3동 ,,,
광선대,문현3동 ,,,
통일동산어린이공원,문현3동 ,,,
문현교통광장,문현4동 ,,,
대연2구역어린이공원,문현4동 ,,,
메인즈PC,문현4동 ,,,
새로생긴pc방,문현4동 ,,,
업타운PC,문현4동 ,,,
21센츄리오피스텔,문현4동 ,,,
PC COOK,문현4동 ,,,
Pc.Cook,문현4동 ,,,
박원욱병원,민락동,,,
아이파크 PC,민락동,,,
아이파크 PC방 우동점,민락동,,,
너울 어린이공원 주차장,민락동,,,
광안해변공원,민락동,,,
널구지공원,민락동,,,
민락공원,민락동,,,
민락공원앞교차로,민락동,,,
민락수변공원 노상공영주차장,민락동,,,
수변어린이공원 공영주차장,민락동,,,
수영효도요양원,민락동,,,
민락수변공원 어린이놀이터,민락동,,,
삼천포 수변공원점,민락동,,,
광안참사랑요양병원,민락동,,,
광안정다운요양병원,민락동,,,
민락수변공원,민락동,,,
늘봄어린이공원,반송1동,,,
석대구민체육공원 농구장,반송1동,,,
소공원,반송1동,,,
수변공원 배드민턴장1,반송1동,,,
어울림어린이공원,반송1동,,,
YMCA 어린이집,반송1동,,,
꽃망울어린이공원,반송1동,,,
담안골근린공원,반송1동,,,
반송공원,반송1동,,,
수피아공원,반송1동,,,
꽃다래공원,반송1동,,,
운봉어린이공원,반송2동,,,
새로생긴PC방 반여점,반여1동,,,
명장근린공원,반여1동,,,
가온공원,반여1동,,,
꿈누리공원,반여1동,,,
꿈에어린이공원,반여1동,,,
노을공원,반여1동,,,
바람공원,반여1동,,,
반여공원,반여1동,,,
별바라기어린이공원,반여1동,,,
수영강시민공원,반여1동,,,
아시아 선수촌근린공원,반여1동,,,
초록공원,반여1동,,,
한마음공원,반여1동,,,
희망어린이공원,반여1동,,,
새싹어린이공원,반여1동,,,
해운대 한빛요양병원,반여1동,,,
OX PC장산점,반여2동,,,
명장배수지상부체육공원 인라인스케이트장,반여4동,,,
증산공원,범일1동,,,
범일배수지공원,범일1동,,,
춘해병원,범일1동,,,
메타한방병원,범일1동,,,
리오라여성의원,범일1동,,,
OX PC방 양정점,범일1동,,,
PC쿠치나,범일1동,,,
부산 범일 로얄팰리스 2차,범일2동,,,
범일동산 산림공원,범일2동,,,
좌천범일어린이공원,범일5동,,,
부산제2항운병원,범천1동,,,
부산평화시장,범천1동,,,
시민장례식장,범천1동,,,
만리산체육공원,범천2동,,,
중앙공원 주차장,보수동,,,
화창한병원,부곡2동,,,
가마실공원,부곡2동,,,
공수물공원,부곡2동,,,
구월공원,부곡2동,,,
기찰공원,부곡2동,,,
너울소공원,부곡2동,,,
윤산체육공원 공중화장실,부곡2동,,,
(주)베스파레포츠,부곡4동,,,
희망숲속 방재공원,부곡4동,,,
부산시민공원,부암1동,,,
시민공원치안센터,부암1동,,,
은하수어린이공원,부암3동,,,
동양어린이공원,부암3동,,,
유원골든타워 오피스텔,부전1동,,,
제스트PC,부전2동,,,
아이린PC&플스,부전2동,,,
서면시장,부전2동,,,
하늘성형외과의원,부전2동,,,
꿈꾸는 PC n COOK,부전2동,,,
엔쿡 피시방 서면본점,부전2동,,,
쌈지공원,부전2동,,,
부산 파이낸스 센터,부전2동,,,
청맥병원,부전2동,,,
삼정타워,부전2동,,,
삼정타워 서면점 챔피언 어린이놀이시설,부전2동,,,
로떼PC카페,부전2동,,,
자드PC방,부전2동,,,
MEGA 3POP 부산본점,부전2동,,,
3POP PC,부전2동,,,
중구청 용두산공원공영주차장 전기차충전소,부평동,,,
리코스타 PC CAFE,부평동,,,
온새미로공원,사직2동 ,,,
3POP PC방,사직2동 ,,,
동래온천헬스공원,사직3동 ,,,
반려동물 산책놀이공원,사직3동 ,,,
사직놀이공원,사직3동 ,,,
쇠미소공원,사직3동 ,,,
스위첸공원,사직3동 ,,,
사상둔치공원,삼락동,,,
삼락강변체육공원 부산광역시잔디양묘장,삼락동,,,
삼락생태공원,삼락동,,,
젠PC방,서2동,,,
윤빛공원,서3동,,,
서명상상어린이공원,서3동,,,
구덕문화공원,서대신4동,,,
대신공원,서대신4동,,,
단골병원,선두구동,,,
삼한골든뷰,선두구동,,,
부산시립공원묘지,선두구동,,,
부산영락공원,선두구동,,,
맘스터치 부산금정체육공원점,선두구동,,,
스포원파크 가족공원,선두구동,,,
영락공원,선두구동,,,
조리1공원,선두구동,,,
푸조나무숲공원,선두구동,,,
여울생태숲,선두구동,,,
영락공원지하차도,선두구동,,,
죽도공원,송정동,,,
송정어울림체육공원,송정동,,,
구덕포공원,송정동,,,
솔바람공원,송정동,,,
송정공원,송정동,,,
송정솔그늘숲길,송정동,,,
수안체육공원,수민동 ,,,
온천천시민공원 농구장2,수민동 ,,,
BRB PC방,수민동 ,,,
낙민공원,수민동 ,,,
그린라인파크,수민동 ,,,
낙민공원 놀이터,수민동 ,,,
수민어울공원,수민동 ,,,
연안꽃동산공원,수민동 ,,,
대하공원,수영동,,,
오엑스피시 수영교차로점,수영동,,,
수영공원,수영동,,,
너울공원,수영동,,,
너울어린이공원,수영동,,,
가나안요양병원,수영동,,,
센텀해인요양병원,수영동,,,
의료법인 센텀의료재단 부산센텀병원,수영동,,,
센텀사랑의병원,수영동,,,
수영사적공원,수영동,,,
REVEL PC방,수영동,,,
중앙공원,수정2동,,,
수정가로공원,수정2동,,,
고지대그린테마공원,수정2동,,,
수정산가족체육공원,수정5동,,,
구평뜰공원,신평1동,,,
강변환경공원,신평2동,,,
신평배수지,신평2동,,,
하늘땅별땅공원,신평2동,,,
제노스PC,신평2동,,,
휴PC,신평2동,,,
연안수민공원,안락2동 ,,,
더락PC카페,안락2동 ,,,
더락PC카페 ,안락2동 ,,,
안락꽃밭공원,안락2동 ,,,
안락꿈돌이공원,안락2동 ,,,
팽나무공원,암남동,,,
암남공원,암남동,,,
송림공원,암남동,,,
부산국가지질공원 송도반도,암남동,,,
두도공원,암남동,,,
송도오션파크,암남동,,,
양정꿈동산어린이공원,양정1동,,,
양지공원,양정1동,,,
화지공원,양정1동,,,
PC토랑 부산양정점,양정1동,,,
부산여자대학교 다촌문화관,양정1동,,,
동의의료원 (동의병원,양정2동,,,
엄궁유수지공원,엄궁동,,,
나라어린이공원,엄궁동,,,
다온공원,엄궁동,,,
보듬공원,엄궁동,,,
장밭갓공원,엄궁동,,,
절골공원,엄궁동,,,
하드캐리피씨방,엄궁동,,,
아이사랑병원,연산1동,,,
연봉공원,연산1동,,,
물만골공원,연산2동,,,
수련둘공원,연산2동,,,
수련하나공원,연산2동,,,
바람고개체육공원,연산4동,,,
강변공원,연산4동,,,
거울바위공원,연산4동,,,
늘푸른공원,연산4동,,,
새싹공원,연산4동,,,
쌍미공원,연산4동,,,
연산공원,연산4동,,,
연이공원,연산4동,,,
연제문화체육공원,연산4동,,,
연화공원 부산사랑터,연산4동,,,
옛골공원,연산4동,,,
온천천시민공원,연산4동,,,
월륜공원,연산4동,,,
토곡근린공원,연산4동,,,
토현쌈지공원,연산4동,,,
하늘빛어린이공원,연산4동,,,
한들공원,연산4동,,,
한빛공원,연산4동,,,
근린공원,연산5동,,,
녹음광장,연산5동,,,
자드PC,연산5동,,,
부산광역시청 등대광장,연산5동,,,
꿈나무공원,연산5동,,,
과정공원,연산8동,,,
햇살공원,연산8동,,,
한빛병원,연산8동,,,
연천공원,연산9동,,,
더샵파크시티어린이집,연산9동,,,
이마트 트레이더스 연산점 챔피언 더 블랙벨트,연산9동,,,
연지어린이공원,연지동,,,
중앙공원 무궁화동산,영주1동,,,
민주공원 4.19광장,영주1동,,,
영주어린이공원,영주1동,,,
영주배수지체육공원,영주1동,,,
중구청 대청공원공영주차장 전기차충전소,영주2동,,,
동래사적공원민간공원조성특례사업아파트 (예정),온천2동 ,,,
꿈나무공원,온천2동 ,,,
산저공원,온천2동 ,,,
솥밭공원,온천2동 ,,,
숲향기공원,온천2동 ,,,
온천어린이공원,온천2동 ,,,
하늘공원,온천2동 ,,,
금강공원,온천2동 ,,,
나무공원빌딩,온천2동 ,,,
미남공원,온천3동 ,,,
사직한밭공원,온천3동 ,,,
무제등소공원,용당동 ,,,
피플PC방,용호1동 ,,,
OX PC 용호동점,용호1동 ,,,
이기대공원,용호2동 ,,,
오륙도해맞이소공원,용호3동 ,,,
백운포체육공원,용호3동 ,,,
용호별빛공원,용호3동 ,,,
솔밭어린이공원,용호3동 ,,,
가로공원,용호3동 ,,,
용삼어린이공원,용호3동 ,,,
용호공원,용호3동 ,,,
남부환경체육공원,용호3동 ,,,
동백공원 최치원유적,우1동,,,
그린레일웨이,우1동,,,
챔피언 해운대점 (주 플레이타임그룹),우1동,,,
대천공원 2호 공중화장실(신시가지근린공원 2-2호),우1동,,,
해운대새싹어린이집,우1동,,,
부산러닝어학학원,우2동,,,
해운대폴리어학원,우2동,,,
시크릿쥬쥬&또봇 센텀점,우2동,,,
센텀이루다 요양병원,우2동,,,
해운대역사시민공원,우2동,,,
밝은마음병원,우2동,,,
도담어린이공원,우2동,,,
장산체육공원,우3동,,,
APEC나루공원,우3동,,,
동백공원,우3동,,,
송림공원,우3동,,,
승당쌈지공원,우3동,,,
아이파크어린이공원,우3동,,,
올림픽공원,우3동,,,
운촌 어린이공원,우3동,,,
제니스소공원2,우3동,,,
스푼PC방,우암동 ,,,
우암동 도시숲,우암동 ,,,
군민체육공원,일광읍,,,
별님공원,일광읍,,,
삼성숲공원,일광읍,,,
횡계공원,일광읍,,,
강송정공원,일광읍,,,
일광이천생태공원,일광읍,,,
햇님공원,일광읍,,,
떡곡숲공원,일광읍,,,
삼성저류지 장미학습원,일광읍,,,
아라공원,일광읍,,,
후동숲공원,일광읍,,,
후동앞들공원,일광읍,,,
더몽 PC 신평점,장림1동,,,
쌈지공원,장림1동,,,
장림생태공원,장림1동,,,
보림공원,장림2동,,,
고리동산,장안읍,,,
명례공원,장안읍,,,
월내어린이공원,장안읍,,,
임랑문화공원,장안읍,,,
하장안마을 연꽃단지,장안읍,,,
효암공원,장안읍,,,
구기공원,장안읍,,,
장안천가족휴게공원,장안읍,,,
길천근린공원,장안읍,,,
공간공원,장전1동,,,
수림뜨락,장전1동,,,
금정산공원,장전2동,,,
까치공원,장전2동,,,
부산대학교 예원정,장전2동,,,
부산대학교 조각공원,장전2동,,,
영재타운어린이집,장전2동,,,
반여제3근린공원,재송1동,,,
재송소공원,재송1동,,,
별천지어린이공원,재송1동,,,
소공원,재송1동,,,
해운대행복체육공원,재송1동,,,
푸른숲어린이공원,재송2동,,,
한빛어린이공원,재송2동,,,
에듀윌부산학원,전포1동,,,
 의료법인 청십자의료재단 행복한요양병원,전포1동,,,
전포돌산공원,전포1동,,,
양정라이온스공원,전포1동,,,
전포2-1재개발공원A,전포1동,,,
황령산레포츠공원,전포1동,,,
소소공원,전포2동,,,
부산공원묘원 본사,전포2동,,,
전포2-1재개발어린이공원,전포2동,,,
강변공원,정관읍,,,
구목정공원,정관읍,,,
나무누리근린공원,정관읍,,,
두명공원 주차장,정관읍,,,
물너울 근린공원,정관읍,,,
바람개비어린이공원,정관읍,,,
솔마루근린공원,정관읍,,,
솔빛공원,정관읍,,,
어울어린이공원,정관읍,,,
얼레어린이공원,정관읍,,,
죽향공원,정관읍,,,
해밀어린이공원,정관읍,,,
해오름공원,정관읍,,,
백운공원묘원 제1묘지,정관읍,,,
부산추모공원,정관읍,,,
올레PC,정관읍,,,
아이엔젤 산후조리원,정관읍,,,
아이앤젤 여성의원,정관읍,,,
대정공원묘원,정관읍,,,
물빛공원,정관읍,,,
(재)한호기독선교회 정관일신기독병원,정관읍,,,
큐엠시네마타워,정관읍,,,
윗골공원,정관읍,,,
돌고래분수광장,정관읍,,,
뵤뵤어린이공원,정관읍,,,
애솔어린이공원,정관읍,,,
햇동공원,정관읍,,,
㈜히어로플레이파크,정관읍,,,
중앙공원,정관읍,,,
하서요양원,정관읍,,,
소두방공원,정관읍,,,
꽃보라어린이공원,정관읍,,,
나래울어린이공원,정관읍,,,
달산리제1호어린이공원,정관읍,,,
소두방공원,정관읍,,,
옛터어린이공원,정관읍,,,
정관제1호근린공원,정관읍,,,
아테나PC좌동점,좌1동,,,
퀸즈힐산후조리원,좌2동,,,
퀸즈파크여성병원,좌2동,,,
컴포즈커피 대천공원점,좌2동,,,
대천공원공영주차장 전기차충전소,좌2동,,,
성문입시학원,좌2동,,,
해운대성심요양병원,좌2동,,,
해운대나눔과행복병원,좌2동,,,
장산공원 인조잔디축구장,좌3동,,,
거미줄공원,좌4동,,,
견우공원,좌4동,,,
꿈나무어린이공원,좌4동,,,
누림어린이공원,좌4동,,,
대천공원 입구,좌4동,,,
미리내어린이공원,좌4동,,,
부흥공원,좌4동,,,
산들어린이공원,좌4동,,,
소담어린이공원,좌4동,,,
와우어린이공원,좌4동,,,
웃음누리어린이공원,좌4동,,,
자유어린이공원,좌4동,,,
장산공원,좌4동,,,
직녀어린이공원,좌4동,,,
푸른어린이공원,좌4동,,,
해바람어린이공원,좌4동,,,
햇살공원,좌4동,,,
화목데파트 상가,좌4동,,,
화목데파트 상가,좌4동,,,
해운대푸른어린이집,좌4동,,,
우정요양병원,좌4동,,,
교보리얼코㈜부산진구점,좌천동,,,
의료법인서강의료재단 서강병원,좌천동,,,
좌천더숲어린이공원,좌천동,,,
부산진성공원,좌천동,,,
개금길요양병원,주례1동,,,
주례백양공원,주례1동,,,
양지2공원,주례1동,,,
양지1공원,주례1동,,,
주감공원,주례3동,,,
창신공원,주례3동,,,
솔밭소공원,중1동,,,
피시테그,중1동,,,
해운대구청 열린정원,중1동,,,
엘시티 더몰,중1동,,,
920호소공원,중1동,,,
다소미공원,중1동,,,
달맞이근린공원,중1동,,,
미소공원,중1동,,,
바다내음공원,중1동,,,
오산공원,중1동,,,
청사포공원 어울마당 공중화장실,중1동,,,
해운대달맞이공원,중1동,,,
위브마음어린이집,중2동,,,
옥상공원 롯데백화점 광복점,중앙동,,,
거님길공원,철마면,,,
기장철마체육공원,철마면,,,
철마공원,철마면,,,
곰내재숲속쉼터,철마면,,,
연꽃공원,철마면,,,
녹녹원,철마면,,,
소나무공원,철마면,,,
놀이마당공원,청룡노포동,,,
노포마을공원,청룡노포동,,,
호국의쉼터,청룡노포동,,,
청학수변공원,청학2동,,,
봉래산 불로초공원,청학2동,,,
조내기고구마역사공원,청학2동,,,
이바구공원,초량1동,,,
중앙공원,초량3동,,,
친수공원,초량3동,,,
초량1동 소규모마을공원,초량3동,,,
어린이공원 12호매점,초읍동,,,
추모공원,초읍동,,,
굿모닝성모안과의원,초읍동,,,
TOP PC SEASON 2,초읍동,,,
초연근린공원,초읍동,,,
백양어린이공원,초읍동,,,
정한방병원,초읍동,,,
아시아드요양병원,초읍동,,,
아이앤락 PC,하단1동,,,
미래여성산후조리원,하단2동,,,
을숙도문화회관 조각공원,하단2동,,,
낙동가람끝공원,하단2동,,,
낙동강1경 을숙도생태공원,하단2동,,,
낙동강하구둑 자전거공원 트릭아트,하단2동,,,
낙동강하류철새도래지,하단2동,,,
메모리얼파크,하단2동,,,
부산현대미술관 야외조각공원,하단2동,,,
에덴공원,하단2동,,,
을숙도생태공원,하단2동,,,
해바라기공원,하단2동,,,
햇님공원,하단2동,,,
신평레포츠공원,하단2동,,,
쌈지공원,하단2동,,,
동아대학교 뉴턴의사과나무공원,하단2동,,,
에덴공원 솔바람음악당,하단2동,,,
해름소공원,학장동,,,
학장성심요양병원,학장동,,,
아름스파,학장동,,,
삼인요양병원,학장동,,,
구덕공원,학장동,,,
다누림공원,학장동,,,
승학공원,학장동,,,
사상스마트병원,학장동,,,
다누림어린이집,학장동,,,
의료법인 길정의료재단 길정병원,학장동,,,
화정근린공원,화명1동,,,
솔내음공원,화명1동,,,
서울우리요양병원,화명1동,,,
대천천수변어린이공원,화명2동,,,
그린꽃님어린이공원,화명2동,,,
대천천누리길,화명3동,,,
화명장미공원,화명3동,,,
화명생태공원 중앙광장,화명3동,,,
화명근린공원,화명3동,,,
현충근린공원,화명3동,,,
화명중앙공원,화명3동,,,
수정근린공원,화명3동,,,
용당어린이공원,화명3동,,,
명진근린공원,화명3동,,,
양달쌈지공원,화명3동,,,
우신자연어린이공원,화명3동,,,
강변둥지어린이공원,화명3동,,,
와석소공원,화명3동,,,
솔내음어린이공원,화명3동,,,
새싹어린이공원,화명3동,,,
백포어린이공원,화명3동,,,
긴미끄럼틀쌈지공원,화명3동,,,
희망어린이공원,화명3동,,,
견우어린이공원,화명3동,,,
직녀어린이공원,화명3동,,,
양달숲근린공원,화명3동,,,
그린달님어린이공원,화명3동,,,
크라우드pc 부산화명점,화명3동,,,
어쌔신 PC 화명점,화명3동,,,
긱스타 PC카페,회기동,,,
해변사우나 실내주차장,다대1동,,,
동백어린이집,다대1동,,,
다대도서관,다대1동,,,
내원어린이집,다대1동,,,
부산정신병원,다대1동,,,
타임요양병원,다대1동,,,
다대씨파크 대규모점포,다대1동,,,
다대씨-파크 실내주차장,다대1동,,,
우리미소요양병원,다대1동,,,
동산요양병원,다대1동,,,
다대포어린이집,다대1동,,,
맘모스프라자 (맘모스상가운영위원회),다대2동,,,
다정한어린이집,다대2동,,,
태종대요양병원,동삼2동,,,
다송어린이집,다대2동,,,
㈜태종대온천,동삼2동,,,
예닮창의어린이집,다대2동,,,
늘사랑요양병원,장림2동,,,
다대자연병원 장례식장,장림2동,,,
의왕요양병원,장림2동,,,
기쁜소식어린이집,다대2동,,,
강동병원,장림2동,,,
자연요양병원,장림2동,,,
프라임병원,장림2동,,,
한국해양어린이집,동삼2동,,,
장림현대종합상가,장림2동,,,
부산YWCA부설어린이집,장림2동,,,
다솜어린이집,동삼1동,,,
키즈아트어린이집,장림2동,,,
부산본병원,장림1동,,,
수 실버원,장림2동,,,
하나병원,장림2동,,,
하사랑요양병원,장림2동,,,
청솔어린이집,장림2동,,,
에스병원(S병원),동삼1동,,,
한나타워,동삼1동,,,
국립해양박물관,동삼1동,,,
송도힐스테이트어린이집,암남동,,,
장림어린이집,장림2동,,,
동삼중앙어린이집,동삼1동,,,
영선어린이집,영선2동,,,
현대요양병원,장림1동,,,
송도사랑요양원,암남동,,,
송도요양병원,암남동,,,
제일어린이집,명지2동,,,
영도참편한요양병원,동삼1동,,,
서부산시민 장례식장,장림1동,,,
고신대학교복음병원,암남동,,,
참사랑요양원,장림2동,,,
조은어린이집,장림1동,,,
천마어린이집,남부민2동,,,
남해해양경비안전본부 어린이집,동삼1동,,,
송도해수피아,남부민2동,,,
홈플러스테스코㈜ 장림점,장림2동,,,
홈플러스테스코㈜ 장림점 실내주차장,장림2동,,,
김해공항 국제선 여객터미널,명지2동,,,
명지녹산산단명지어린이집,명지2동,,,
영도해수랜드,남항동,,,
세정아울렛 부산점,장림2동,,,
호산나교회,명지2동,,,
롯데마트 사하점,장림1동,,,
롯데쇼핑㈜ 롯데마트사하점  실내주차장,장림1동,,,
감천혜강어린이집,감천1동,,,
파랑새어린이집,명지2동,,,
파랑새노인건강센터,청학2동,,,
사하경찰서어린이집,신평1동,,,
한우리요양병원,감천1동,,,
한우리요양원,감천1동,,,
괴정병원,구평동,,,
갤러리PC,명지2동,,,
중앙효요양병원,감천1동,,,
이화어린이집,감천1동,,,
녹산산단바른어린이집,명지2동,,,
감천꿈나무어린이집,감천1동,,,
감천문화요양병원,신평1동,,,
영지어린이집,청학2동,,,
감천파랑새어린이집,감천1동,,,
부산항 대중탕,영선1동,,,
김해공항 국내선 여객터미널,녹산동,,,
영선대로 지하공영주차장,영선1동,,,
장림한서병원,감천1동,,,
라온제나어린이집,녹산동,,,
조이효요양병원,감천1동,,,
중앙U병원 장례식장,감천1동,,,
대지어린이집,감천1동,,,
정요양병원,남항동,,,
정요양병원 장례식장,남항동,,,
해동병원 본관,봉래1동,,,
(의)삼세의료재단 삼세한의원,남항동,,,
해동병원 별관,봉래1동,,,
영도병원 본관,남항동,,,
인제요양병원,남항동,,,
세원요양병원,남부민1동,,,
해돋이어린이집,봉래1동,,,
앤유(nuPC),충무동,,,
해피빌요양원(기존 : 인창노인요양원),괴정1동,,,
인창실버웰,괴정1동,,,
큐병원 (구.세양병원),신평2동,,,
삼성홈플러스 영도점(대규모점포),봉래1동,,,
삼성홈플러스 영도점(주차장),봉래1동,,,
강서도서관,녹산동,,,
자갈치시장,남포동,,,
자갈치시장 실내주차장,남포동,,,
신동아수산물종합시장,남포동,,,
신동아수산물종합시장 실내주차장,남포동,,,
감정초등학교 공영주차장,감천2동,,,
신천지시장,남포동,,,
㈜서원유통 탑마트 신평점 ,신평2동,,,
예사랑병원,아미동,,,
바른병원,충무동,,,
아미초등지하공영주차장,아미동,,,
롯데마트,중앙동,,,
롯데마트실내주차장,중앙동,,,
롯데백화점 광복점,중앙동,,,
롯데백화점광복점 실내주차장,중앙동,,,
롯데전문점 광복점,중앙동,,,
초록어린이집,괴정4동,,,
모리아영재어린이집,괴정3동,,,
대영시네마타운 건물 AJ주차장 비프광장점,남포동,,,
에디스여성병원,신평2동,,,
와이비엠부산광복일어중국어학원,광복동,,,
YBM어학원,광복동,,,
뉴코아아울렛 괴정점,괴정3동,,,
뉴코아아울렛 괴정점실내주차장,괴정3동,,,
선안요양병원,괴정1동,,,
경동리인상가,충무동,,,
허브휴양 한방병원(의료기관종별-한방병원),신평2동,,,
다대수병원,괴정4동,,,
부산데파트,동광동,,,
한솔탕,하단1동,,,
곽요양병원,괴정1동,,,
BH효요양병원,충무동,,,
창선상가,광복동,,,
산새소리어린이집,하단1동,,,
하남몬테소리어린이집,하단1동,,,
뉴본산후조리원,괴정1동,,,
한빛요양병원,괴정1동,,,
가락타운상가시장,하단1동,,,
휘림한방병원,중앙동,,,
괴정시장종합상가 (괴정시장 정비사업조합),괴정3동,,,
으뜸어린이집,아미동,,,
삼성전기부산어린이집,녹산동,,,
진성어린이집,괴정2동,,,
늘푸른노인전문요양센터,괴정1동,,,
국제지하도상가,부평동,,,
다대자연병원,괴정3동,,,
동산병원 장례식장,괴정3동,,,
부산대학교병원,아미동,,,
신괴정요양병원,당리동,,,
국제시장,광복동,,,
㈜에디스산후조리원,당리동,,,
부산영화체험박물관,동광동,,,
광복지하도상가,대청동,,,
남포지하도상가,대청동,,,
금강스파,부평동,,,
미래아이여성병원,하단1동,,,
감천참편한요양병원 ,당리동,,,
선하요양병원,부민동,,,
월드밸리,부평동,,,
부민교회어린이집,부민동,,,
만세365병원,대청동,,,
아이카페 PC방,부민동,,,
샘물어린이집,하단1동,,,
동아대학교석당박물관,부민동,,,
중앙나라요양병원,중앙동,,,
하단어린이집,하단1동,,,
풀잎어린이집,당리동,,,
승학어린이집,괴정4동,,,
보수종합상가,보수동,,,
장덕한방병원,부민동,,,
동주대학부설어린이집,괴정3동,,,
평화노인요양원(평화노인건강센터와 통합),괴정1동,,,
㈜한진중공업 R＆D센터 주차장,중앙동,,,
부산노인전문 제4병원,하단1동,,,
한웅레포츠,부민동,,,
파크병원,괴정2동,,,
교보생명빌딩,중앙동,,,
노틀담어린이집,대청동,,,
성모희보어린이집,대청동,,,
라파요양병원,하단1동,,,
미래아이산후조리원,하단1동,,,
큰사랑요양병원,하단1동,,,
부산맘아동병원,당리동,,,
종달새어린이집,당리동,,,
경희병원,하단2동,,,
청림요양병원,하단2동,,,
삼성전자 사하빌딩 실내주차장,하단2동,,,
아트몰링 부산점,하단2동,,,
아트몰링 부산점 실내주차장,하단2동,,,
햇님어린이집,당리동,,,
아트센터어린이집,당리동,,,
메리놀병원,동광동,,,
연희어린이집,하단2동,,,
송산노인전문요양원,중앙동,,,
가람어린이집,서대신1동,,,
푸르지오2차어린이집,서대신1동,,,
관정빌딩,중앙동,,,
현대미술관,하단2동,,,
환희노인요양원,당리동,,,
중앙도서관,보수동,,,
마린센타,중앙동,,,
대신시장,동대신1동,,,
대청어린이집,영주2동,,,
심당요양병원,영주1동,,,
강서해수온천,녹산동,,,
을숙도노인요양원,명지1동,,,
영주어린이집,영주2동,,,
삼육부산병원,서대신1동,,,
KR 단미래 어린이집,녹산동,,,
이의용밝은길요양병원,동대신2동,,,
실버웰요양센터,서대신3동,,,
태영노블리안,초량1동,,,
대한통운빌딩(예광빌딩),초량1동,,,
부산삼성화재,초량1동,,,
중앙U병원,하단2동,,,
한국교직원공제회부산회관,초량1동,,,
척시원병원,초량1동,,,
인창서구그린빌노인요양원,동대신3동,,,
발리아쿠아랜드,초량2동,,,
부산초량엠디엠타워,초량3동,,,
구덕공영주차장,서대신4동,,,
새부산병원,초량2동,,,
현대해상 부산사옥,초량3동,,,
에이아이(AI)PC방,초량3동,,,
동아대학교병원,동대신3동,,,
동아대학교병원장례식장,동대신3동,,,
동아대학교 대신요양병원,동대신3동,,,
부산항 국제여객터미널,초량3동,,,
부산항 국제여객터미널,초량3동,,,
㈜아모레퍼시픽,초량3동,,,
인창요양병원,초량3동,,,
인창노인의료센터,초량3동,,,
세일병원,초량3동,,,
묘음예능어린이집,초량6동,,,
부산YMCA,초량3동,,,
한빛어린이집,엄궁동,,,
부산메리츠타워,초량3동,,,
부산시설공단 서면몰,수정2동,,,
롯데쇼핑(주)롯데마트사상점,엄궁동,,,
안나노인건강센터,서대신4동,,,
늘행복요양병원,엄궁동,,,
DGB생명빌딩,수정2동,,,
엄궁지하공영주차장,엄궁동,,,
동구청,수정2동,,,
봉생병원,좌천동,,,
노인건강센터,학장동,,,
재단법인 금성재단 강림요양병원,엄궁동,,,
수정삼성어린이집,수정5동,,,
의료법인 강혜의료재단 사랑의요양병원,엄궁동,,,
의료법인 길정의료재단 대남병원,학장동,,,
제일나라요양병원,좌천동,,,
부산시립정신병원,학장동,,,
의료법인 은성의료재단 좋은부산요양병원,학장동,,,
일신기독병원 산후조리원,좌천동,,,
일신기독병원(주차장),좌천동,,,
일신기독병원(의료),좌천동,,,
부산진시장,범일2동,,,
행복누리어린이집,범일2동,,,
눌원빌딩,범일2동,,,
메가마트,남천1동,,,
메가마트 실내주차장,남천1동,,,
학장반도보라프라자,학장동,,,
학장반도아파트상가,학장동,,,
효산건설 범일동지점,범일2동,,,
부산진시장 주차빌딩,범일2동,,,
KT부산범일타워,범일2동,,,
천우빌딩(구 부산상록회관),범일2동,,,
힘내라병원,범일2동,,,
엠존 PC방,학장동,,,
동부산우체국,범일2동,,,
KB손해보험부산빌딩,범일2동,,,
아테나PC방,학장동,,,
(재)한국의학연구소,범일2동,,,
동일타워,범일2동,,,
아이린 PC학장 본점,학장동,,,
스푼 PC방,남천1동,,,
PC토랑,범일2동,,,
부산시민회관,범일2동,,,
동일타워,범일2동,,,
한나여성아이병원,남천1동,,,
범일초등학교지하주차장,범일1동,,,
주식회사 이지네트웍스,범일2동,,,
청솔어린이집,학장동,,,
부산혜민요양병원,범일1동,,,
부산해수탕,범일2동,,,
(주)영해종합시장,학장동,,,
의료법인영재의료재단 큰솔병원,학장동,,,
글로벌새싹어린이집,대저2동,,,
좋은문화병원 산후조리원,범일2동,,,
좋은문화병원,범일2동,,,
자유시장,범일2동,,,
PC토랑,학장동,,,
남천어린이집,남천1동,,,
부영병원,학장동,,,
현대백화점 부산점,범일2동,,,
현대백화점 부산점,범일2동,,,
마트월드,감전동,,,
마트월드,감전동,,,
㈜시민장례식장,범천1동,,,
누리엔,범천1동,,,
누리엔,범천1동,,,
조방해수탕,범천1동,,,
효성해수탕,범천1동,,,
성가병원,범천1동,,,
의료법인영재의료재단 큰솔2병원,학장동,,,
주례초등학교 지하공영주차장,개금2동,,,
송원노인전문요양원,범일1동,,,
동의대학교부속동의어린이집,가야1동,,,
다온요양병원,남천1동,,,
주례현대무지개 상가,주례3동,,,
한별어린이집,주례3동,,,
인제대학교부산백병원,개금2동,,,
동성럭키어린이집,주례3동,,,
남천사랑의요양병원,남천1동,,,
부산전문건설회관,범천1동,,,
애림실버웰,범천2동,,,
애림요양원,범천2동,,,
의료법인 상봉의료재단 상봉요양병원,범천1동,,,
다누리센터 공영부설주차장,학장동,,,
가야벽산상가,가야2동,,,
이샘병원,범천1동,,,
동성큰사랑어린이집,남천1동,,,
주례고운어린이집,주례3동,,,
한라시그마타워,범천1동,,,
씨드이 빌딩(구.코오롱빌딩),남천1동,,,
가야스파벨리24사우나 찜질 헬스,가야2동,,,
워터캐슬사우나음이온찜질방24헬쓰,개금1동,,,
부산중앙어린이집,남천1동,,,
(주)미래도시(경동윈츠빌),주례2동,,,
지오플레이스,전포1동,,,
홈플러스 스토어즈 서면점,전포1동,,,
홈플러스테스코(주) 서면점,전포1동,,,
의료법인 효원의료재단 주례자연병원,주례3동,,,
다인 로얄팰리스,범천1동,,,
알리안츠생명㈜부산사옥,범천1동,,,
삼성생명보험㈜부산총국,범천1동,,,
부산교통공사 휴메트로어린이집,범천1동,,,
개금천사어린이집,개금1동,,,
의료법인 은성의료재단 좋은주례요양병원,주례3동,,,
의료법인은성의료재단좋은삼선병원,주례2동,,,
좋은삼선병원,주례2동,,,
윤금노인요양원,주례1동,,,
의료법인 은성의료재단 좋은강안병원,남천1동,,,
좋은강안병원 실내주차장,남천1동,,,
좋은강안병원 장례식장,남천1동,,,
3pop PC방,주례2동,,,
성분도어버이집,광안4동,,,
냉정온천사우나 찜질방 스포츠,주례2동,,,
햇살자연어린이집,범천2동,,,
더샵센트럴스퀘어,부전2동,,,
한화생명 부산지원단사옥,부전2동,,,
더블루 오피스텔,전포1동,,,
A1프라자,부전2동,,,
리치웰찜질방,광안2동,,,
광안더힐요양병원,광안2동,,,
한국보훈복지의료공단 부산보훈병원,주례2동,,,
아이사랑산후조리원,NaN,,,
PAGODA어학원,부전2동,,,
부산산업용재유통상가,감전동,,,
호메르스관광호텔,광안2동,,,
노인요양시설효림원,전포1동,,,
놀PC,부전2동,,,
신선사우나휘트니스,개금1동,,,
네오스파,부전2동,,,
네오스포,부전2동,,,
네오스포,부전2동,,,
부산진구 노인의료센터 →부산진구노인요양센터,개금1동,,,
신라요양병원,가야1동,,,
호텔아쿠아펠리스,광안2동,,,
케이티앤지 부산상상마당타워,부전2동,,,
케이티앤지 부산상상마당타워,부전2동,,,
전포동연수어린이집,전포1동,,,
미래여성병원,가야1동,,,
COSTAR PC 서면본점,부전2동,,,
더블루2,전포1동,,,
아진어린이집,주례2동,,,
쥬디스태화(본관),부전2동,,,
쥬디스태화(신관),부전2동,,,
쥬디스태화관리㈜신관,부전2동,,,
광안자모병원,광안4동,,,
광안자모병원 산후조리원,광안4동,,,
바다빛어린이집,민락동,,,
주식회사 씨제이헬로비전,전포1동,,,
YBM서면어학원,부전2동,,,
광안해수월드,민락동,,,
부산도시공사,부전2동,,,
서면더존한방병원,부전2동,,,
수아&영이 어린이집,광안2동,,,
해운대삼정코아상가주차장,우1동,,,
금호그랜드타운 (상가),당감2동,,,
창신 어린이집,우1동,,,
해운대제일교회,우3동,,,
롯데백화점,부전2동,,,
롯데부산면세점,부전2동,,,
플레이타임-롯데백화점-챔피온,부전2동,,,
영화의전당 인디플러스,우3동,,,
초원사랑어린이집,당감2동,,,
밝은세상안과의원,부전2동,,,
아이온시티,부전2동,,,
해바라기어린이집,개금3동,,,
엘림어린이집,전포1동,,,
파밀리에 펄시티,우3동,,,
서희스타힐스센텀프리모,민락동,,,
양지어린이집,주례1동,,,
서면전자랜드 ,부전2동,,,
 온종합병원장례식장,당감2동,,,
(의)브니엘의료재단 온요양병원,당감2동,,,
밝은눈안과병원,부암1동,,,
중앙몰 (롯데백화점 지하상가에서 변경),부전1동,,,
참조은실버요양원,감전동,,,
㈜파라다이스호텔,중2동,,,
씨클라우드,중2동,,,
의료법인 사랑나눔의료재단 에보스요양병원,부전1동,,,
제일산후조리원,우3동,,,
삼정 그린코아 더 시티,전포2동,,,
목화사우나,전포2동,,,
부산온누리감리교회,우1동,,,
숲속어린이집,우3동,,,
㈜이랜드파크켄싱턴리조트 해운대 (구 글로리콘도호텔),우1동,,,
부산산업용품상협동조합,괘법동,,,
부산산업용품상협동조합,괘법동,,,
가야교회,부전1동,,,
센텀스카이비즈,우1동,,,
울트라타워,우1동,,,
센텀드림월드,중1동,,,
센텀힐병원,중1동,,,
벡스코,중1동,,,
힘내라리츠 (2021.5.아이피 아이씨 인크에서 변경),부전1동,,,
시설관리공단 부전몰,부전1동,,,
서면중앙시장,전포2동,,,
광안어린이집,광안1동,,,
한나어린이집,부전1동,,,
BHS한서병원,광안1동,,,
예진 어린이집,중1동,,,
스파젠,중1동,,,
의료법인센텀의료재단 서부산센텀병원,괘법동,,,
도산어린이집,민락동,,,
재송 어린이집,우1동,,,
의료법인백세의료재단백세요양병원,광안1동,,,
하버타운,우1동,,,
삼정기업빌딩(구 대림빌딩),부전1동,,,
에메랄드홈,전포2동,,,
부산시티센터,부전1동,,,
수영주차장,광안1동,,,
서면종합시장,부전1동,,,
부산코레일새싹어린이집,당감2동,,,
세이브존리베라,중1동,,,
롯데캐미칼국제빌딩,부암1동,,,
의료법인 인당의료재단 해운대부민병원,중1동,,,
수영구 보건소,광안1동,,,
부산진구청,부암1동,,,
부산진구청어린이집,부암1동,,,
신세계백화점 센텀시티점,중1동,,,
다을 어린이집,우1동,,,
농협하나로클럽 부전점,부전1동,,,
농협하나로클럽 부전점,부전1동,,,
까르띠움 오피스텔,중1동,,,
힐탑더블시티,광안1동,,,
롯데쇼핑㈜ 롯데키즈마트 부산점 (지하1층방재실),부암1동,,,
메가박스중앙㈜,괘법동,,,
부산서부시외버스터미널㈜,괘법동,,,
주식회사 애플아울렛,괘법동,,,
대림아크로텔,좌2동,,,
의료법인 희경의료재단 한국요양병원,괘법동,,,
부산에이스하이테크21,우1동,,,
동해 어린이집,우1동,,,
부산전자종합시장,부전1동,,,
백조어린이집,중2동,,,
해운대도서관,중1동,,,
신세계백화점 센텀시티몰,우1동,,,
장한어린이집,광안1동,,,
찬란한PC방,괘법동,,,
세흥병원,NaN,,,
이마트 트레이더스 서면점,부암1동,,,
아이파크 PC방,괘법동,,,
인제대학교 해운대백병원,우2동,,,
의료법인 인본의료재단 해운대자명병원,우1동,,,
(주)이마트 사상점,괘법동,,,
㈜신세계이마트 사상점,괘법동,,,
벽산e오렌지프라자,중2동,,,
(주)르네시떼,괘법동,,,
홈플러스(실내주차장),괘법동,,,
홈플러스(주)서부산점,괘법동,,,
개원어린이집,개금3동,,,
대하가족 건강랜드,중1동,,,
SK텔레콤㈜부암사옥  (지하1층),부암1동,,,
홈플러스 부산반여점,중1동,,,
라마다 앙코르 해운대 호텔,중1동,,,
다시봄요양병원,우2동,,,
의료법인 화인의료재단 센텀화인요양병원,우2동,,,
영화의전당,우2동,,,
수영지하상가,광안3동,,,
부산시민공원,부전1동,,,
센텀아이에스타워,중1동,,,
마린파크,우2동,,,
한사랑요양병원 (구.효사랑요양병원),부암1동,,,
해운대베르나움,우2동,,,
홈플러스 해운대점,중1동,,,
웨이브타운,중1동,,,
해운대실버홈,좌2동,,,
백산어린이집,당감4동,,,
벡스코,중1동,,,
피렌체 오피스텔,중1동,,,
서부산노인요양원,괘법동,,,
신라스테이 해운대,우2동,,,
광덕자연어린이집,우2동,,,
벽산이센텀클래스원2차,우2동,,,
효성시티병원,우2동,,,
자연꿈나무 어린이집,우2동,,,
오션타워,우2동,,,
SK텔레콤 데이타센터,중1동,,,
제니스스퀘어,우2동,,,
팔레드시즈콘도미니엄,중1동,,,
온아이어린이집,광안3동,,,
부산근로복지공단어린이집,괘법동,,,
롯데백화점 센텀시티점,좌2동,,,
다사랑어린이집,당감4동,,,
아이비어린이집,덕포1동,,,
정향행복한마을,덕포1동,,,
한빛어린이집,당감1동,,,
이안해운대오피스텔,우2동,,,
제일여성병원,우2동,,,
에이치스위트 해운대,우2동,,,
해운대온천센터 (주식회사 에이치봄),우2동,,,
의료재단  로뎀요양병원,좌2동,,,
대한예수교장로회수영로교회,우2동,,,
대한예수교장로회수영로교회 교육관,좌2동,,,
의료법인동일의료재단수영나라요양병원,광안3동,,,
영화진흥위원회,좌2동,,,
토요코인 해운대-2 관광호텔,우2동,,,
금강핼씨랜드,당감4동,,,
부산유스호스텔아르피나,좌2동,,,
해운대NC백화점,우1동,,,
그랜드조선부산,우2동,,,
센텀 임페리얼 타워빌딩,우2동,,,
하모니타워마브러스,우2동,,,
달맞이요양병원,우2동,,,
수장례식장,연지동,,,
의료법인 청원의료재단 수요양병원,연지동,,,
영화의전당,좌2동,,,
화승삼성아파트상가,부암3동,,,
인제대학교 해운대백병원,좌2동,,,
센텀SH밸리,좌2동,,,
수영동산어린이집,수영동,,,
하늘아이어린이집,좌2동,,,
센텀그린타워,좌2동,,,
센텀프리미어호텔,우2동,,,
한화호텔앤드리조트㈜,좌1동,,,
신세계백화점 센텀시티점,좌1동,,,
의료법인 한세의료재단 효은요양병원,좌2동,,,
대우월드마크센텀 (상가관리단),좌1동,,,
사상제일요양병원,덕포1동,,,
재능어린이집,우2동,,,
풀빛어린이집,우2동,,,
이비스 앰배서더 부산 해운대,우2동,,,
큐비e센텀,우2동,,,
흰돌요양센터(목제관),망미1동,,,
망미동 노외공영주차장,망미1동,,,
신세계조선호텔 부산 (조선비치호텔),우2동,,,
오성병원,양정1동,,,
다솔 어린이집,좌1동,,,
이마트해운대점,좌1동,,,
홈플러스 센텀시티점,좌1동,,,
동산어린이집,수영동,,,
엘리움 산후조리원,좌1동,,,
부산시립미술관,우2동,,,
아세안문화박물관,우2동,,,
삼환미포씨랜드,우2동,,,
센텀다이아몬드,우2동,,,
부산시립미술관,좌1동,,,
재단법인 자생의료재단 해운대자생한방병원,우2동,,,
양정현대어린이집,양정1동,,,
세나어린이집,좌1동,,,
양정요양병원,양정1동,,,
신라대어린이집,괘법동,,,
경남.동서대학교 센텀산학캠퍼스,좌1동,,,
소명선교어린이집,좌1동,,,
의료법인 해올의료재단 힐마루요양병원,우2동,,,
의료법인 갑을의료재단 갑을녹산병원,대저2동,,,
부산도서관,덕포2동,,,
양정시장,양정1동,,,
양정시장,양정1동,,,
사단법인청색회 연지그린요양병원,연지동,,,
㈜LG화학 과학관,연지동,,,
종단대순진리회,양정1동,,,
웅신시네아트,좌1동,,,
백양산한가족스포츠센터,부암3동,,,
백양산한가족스포츠센터,부암3동,,,
양정현대프라자,양정1동,,,
양정현대프라자,양정1동,,,
 의료법인제영의료재단  다나사요양병원,부암3동,,,
메리움,부암3동,,,
메리움,부암3동,,,
해운대NC백화점,좌4동,,,
롯데갤러리움센텀,좌4동,,,
트럼프월드센텀2,좌4동,,,
해운대 비치 로데오아울렛 2차 (해운대 상설할인타운),좌1동,,,
KNN타워,좌4동,,,
바른길병원,우2동,,,
미소요양병원,좌1동,,,
한신휴플러스 오피스텔,우2동,,,
벡스코,우2동,,,
신화하니엘타워,우2동,,,
의료법인 세광의료재단 성모안과병원,우2동,,,
양정삼성어린이집,양정2동,,,
세림어린이집,망미1동,,,
의료법인지석의료재단 효성프라임요양병원,덕포2동,,,
해운대 그린나래호텔,재송1동,,,
소담어린이집,연산6동,,,
세종월드프라자,재송1동,,,
베스트웨스턴 해운대호텔,우2동,,,
연지꿈동산어린이집,연지동,,,
이마트연제점,연산2동,,,
이마트연제점,연산2동,,,
영주암어린이집,망미1동,,,
부산지방국세청,연산2동,,,
신세계백화점 센텀시티몰,재송1동,,,
상락정배산실버빌,망미1동,,,
시청센트빌,양정2동,,,
국민연금관리공단 부산지사,연산2동,,,
연산병원,연산6동,,,
연산요양병원,연산6동,,,
사상도서관,덕포2동,,,
홈플러스 센텀시티점,좌4동,,,
의료법인주현의료재단사상중앙병원,삼락동,,,
코스트코부산점,망미2동,,,
코스트코부산점 주차장,망미2동,,,
연제옥스퍼드어린이집,거제4동,,,
센텀리더스마크,재송1동,,,
참사랑노인건강센터,대저2동,,,
안심노인요양시설,송정동,,,
제니스스퀘어,송정동,,,
가족사랑요양병원,초읍동,,,
감로수요양병원,모라3동,,,
럭키랜드,연산9동,,,
연산당당한방병원,연산4동,,,
황산요양병원,연산4동,,,
태양어린이집,연산9동,,,
연산관자재요양병원,연산9동,,,
새항운병원,연산5동,,,
예지어린이집,거제4동,,,
우리행복요양병원,연산9동,,,
선재노인전문요양원,초읍동,,,
㈜파라다이스호텔,송정동,,,
호산노인건강센터,거제4동,,,
시티요양병원,연산5동,,,
호산기독요양병원,거제2동,,,
위대한탄생산후조리원,연산5동,,,
위대한탄생여성병원,연산5동,,,
연산인제요양병원,연산9동,,,
우신상가,모라1동,,,
트레이더스 연산점,연산9동,,,
트레이더스 연산점,연산9동,,,
더웰타워,연산5동,,,
이마트해운대점,재송1동,,,
동백섬마리나 클럽하우스,재송1동,,,
연제일신병원,연산4동,,,
프리마요양병원,연산4동,,,
토끼와당근어린이집,연산9동,,,
연제일신산후조리원,연산4동,,,
센텀마티안,재송1동,,,
하나금융어린이집,연산4동,,,
토곡어린이집,연산9동,,,
보엠어린이집,연산4동,,,
거제드림어린이집,거제2동,,,
워크재활의학과병원,연산4동,,,
발리24시대중사우나,연산5동,,,
나라키움부산통합청사,거제3동,,,
의료법인 노송의료재단 시티요양병원,모라1동,,,
부산의료원노인전문제2병원,거제2동,,,
부산의료원장례식장,거제2동,,,
㈜장연빌딩,연산5동,,,
시티타워,연산5동,,,
명은병원,거제1동,,,
해운대백병원,재송2동,,,
안심요양병원,연산9동,,,
한양류마디병원,연산8동,,,
대양어린이집,연산9동,,,
연산SK뷰단지빌딩,연산4동,,,
해운대푸르지오시티,재송1동,,,
오시리아스퀘어,기장읍,,,
오시리아스퀘어,기장읍,,,
파크하얏트부산,재송2동,,,
웰니스병원,연산1동,,,
센텀T-TOWER,재송2동,,,
울트라PC,재송2동,,,
대영스포렉스,연산9동,,,
이케아 동부산점,기장읍,,,
이케아 다기스(동부산) 어린이집,기장읍,,,
센트럴원,기장읍,,,
곰두리어린이집,연산4동,,,
하늘나리어린이집,모라1동,,,
홈플러스연산점,연산1동,,,
홈플러스연산점,연산1동,,,
센텀호텔㈜,재송1동,,,
부산검찰어린이집,거제1동,,,
홈플러스아시아드점,거제2동,,,
홈플러스아시아드점,거제2동,,,
(주)해수피아,연산1동,,,
(주)해수피아,연산1동,,,
이룸제이타워,재송2동,,,
연제나라요양병원,거제1동,,,
롯데마트,기장읍,,,
주성산빌딩,거제1동,,,
부산법원어린이집,거제1동,,,
하나둘어린이집,거제2동,,,
오시리아테마파크판매시설(A동),기장읍,,,
오시리아테마파크판매시설(B동),기장읍,,,
센텀사이언스파크,재송2동,,,
예향어린이집,거제1동,,,
북부교육청,구포2동,,,
무지개언덕노인전문요양센터,구포3동,,,
장선어린이집,구포3동,,,
(사)부산의료선교회세계로병원,사직1동 ,,,
동백 어린이집,송정동,,,
보림프라자 상가,수민동 ,,,
스펀지어린이집,안락2동 ,,,
승원어린이집,사직3동 ,,,
양덕어린이집,사직3동 ,,,
부산경찰청어린이집,사직2동 ,,,
좋은날에 드라마산후조리원,안락2동 ,,,
좋은날에 드라마여성병원,안락2동 ,,,
(의)동영의료재단 상록병원,안락2동 ,,,
삼정자이언츠파크,사직1동 ,,,
㈜한양프라자부산점,거제1동,,,
(의)은빛의료재단 좋은애인병원,수민동 ,,,
포천초교 공영주차장,구포3동,,,
노블레스요양병원,안락2동 ,,,
힐스파(금진),반여1동,,,
동래봉생병원,안락1동 ,,,
우리들어린이집,안락1동 ,,,
동래아동병원,안락1동 ,,,
현대해상온마음 어린이집,사직1동 ,,,
아망떼PC존 동래점,안락1동 ,,,
준요양병원,안락1동 ,,,
신세계백화점 센텀시티점,반여2동,,,
숲속은성어린이집,구포3동,,,
부산항운병원,안락1동 ,,,
부산힐튼호텔,기장읍,,,
아난티펜트하우스,기장읍,,,
미래병원,안락1동 ,,,
효림어린이집,구포2동,,,
구포부민병원,구포2동,,,
부산은빛요양병원(구.참행복 요양병원),구포2동,,,
강변어린이집,강동동,,,
사직레포츠대중탕,사직1동 ,,,
르노삼성자동차 동래사업소,수민동 ,,,
새안락병원,안락2동 ,,,
맑은샘,구포3동,,,
동래우리들병원,수민동 ,,,
부전교회,사직3동 ,,,
(의)은빛의료재단 참사랑요양병원,수민동 ,,,
한빛어린이집,안락1동 ,,,
BNK해운대 어린이집,반여3동,,,
삼정그린어린이집,기장읍,,,
벡스코,반여1동,,,
(주)BYC마트,반여1동,,,
대붕빌딩,수민동 ,,,
(의)상원의료재단부산힘찬병원,수민동 ,,,
(의)상원의료재단부산힘찬병원,수민동 ,,,
대신증권(주) 동래사옥,수민동 ,,,
혜화어린이집,명장1동 ,,,
한화생명(주)명륜동 사옥,명륜동 ,,,
동래성모병원,명륜동 ,,,
동래시장,복산동 ,,,
메가마트 동래점,명륜동 ,,,
메가마트 동래점,명륜동 ,,,
해운대백병원 장례식장,반여4동,,,
구포일심요양병원,구포2동,,,
대동병원,명륜동 ,,,
대동병원,명륜동 ,,,
예능어린이집,복산동 ,,,
신세계백화점 센텀시티점,반여1동,,,
(사)한국건강관리협회 건강증진의원,온천2동 ,,,
미남동의요양병원,온천3동 ,,,
예담어린이집,구포1동,,,
SH TOWER,반여1동,,,
세화병원,온천3동 ,,,
풀잎 어린이집,반여1동,,,
으뜸요양병원,온천3동 ,,,
부산노인전문제1병원,만덕3동,,,
쁘띠쁘아어린이집,온천3동 ,,,
(의)장수의료재단 동래요양병원,명륜동 ,,,
만덕도서관,만덕2동,,,
(의)광혜의료재단 광혜병원,온천3동 ,,,
현대어린이집,명륜동 ,,,
사직요양병원,온천2동 ,,,
햇살가득한어린이집,덕천2동,,,
복천박물관,복산동 ,,,
한독온천어린이집,온천3동 ,,,
해운대 라뮤에뜨,반여4동,,,
주영어린이집,명장2동 ,,,
화영어린이집,덕천2동,,,
로뎀노인요양원,덕천2동,,,
다사랑요양병원,만덕2동,,,
구포성심병원,구포1동,,,
꿈동산어린이집,만덕2동,,,
럭키동래쇼핑,온천2동 ,,,
덕양어린이집,덕천3동,,,
해뜨락요양병원,만덕2동,,,
수정안과의원,덕천2동,,,
덕천3동 공영주차장,덕천3동,,,
덕천지하주차장,덕천2동,,,
트럼프월드센텀상가,반여4동,,,
더락PC카페 덕천점,덕천2동,,,
해뜨락요양원,만덕2동,,,
한사랑내과의원,덕천2동,,,
연우어르신의 집,만덕2동,,,
뉴코아 덕천점(대규모점포),덕천2동,,,
뉴코아 덕천점(실내주차장),덕천2동,,,
덕천요양병원,덕천2동,,,
덕천지하상가 태아쇼핑,덕천2동,,,
미래로 산후조리원,덕천2동,,,
미래로병원,덕천2동,,,
미래로병원(실내주차장)(동서디에스),덕천2동,,,
리치웰휘트니스덕천스파(구.프라임),덕천2동,,,
센트럴병원,덕천2동,,,
사회복지법인 황전 황전요양원,온천3동 ,,,
롯데마트 동래점,온천2동 ,,,
롯데마트 동래점,온천2동 ,,,
롯데쇼핑㈜동래점,온천2동 ,,,
롯데쇼핑㈜동래점,온천2동 ,,,
아하브병원,만덕1동,,,
아하브요양병원,만덕1동,,,
서광자연어린이집,만덕2동,,,
부민병원,덕천1동,,,
제일행복한어린이집,덕천3동,,,
가빈어린이집,만덕3동,,,
노벨어린이집,만덕3동,,,
청록만덕실버센터,만덕2동,,,
시원항병원,덕천2동,,,
굿윌치과병원,덕천2동,,,
엔젤인어린이집,만덕2동,,,
경희요양병원,덕천1동,,,
남산정요양병원,덕천1동,,,
늘봄실버요양센터,명장2동 ,,,
사회복지법인 해월 무량수노인요양원,온천2동 ,,,
부산컴퓨터 도매상가,온천1동 ,,,
부산컴퓨터 도매상가,온천1동 ,,,
만덕1어린이집,만덕1동,,,
온사랑병원,서3동,,,
서동제일요양병원,서2동,,,
사단법인 대승불교보광정사 보광요양병원,금사회동동,,,
세웅병원,서2동,,,
마야어린이집,금사회동동,,,
(의)영신의료재단 동래유유요양병원,온천1동 ,,,
행복한그림동산어린이집,금사회동동,,,
산새소리어린이집,덕천1동,,,
(의)온의료재단 신세계요양병원,온천1동 ,,,
금정산뉴웰시티어린이집,만덕1동,,,
아름다운강산병원,금사회동동,,,
동래 SK뷰 3차 어린이집,온천1동 ,,,
화명일신기독병원조리원,덕천2동,,,
성산현대요양병원,명륜동 ,,,
충렬어린이집,반송1동,,,
한솔어린이집,만덕1동,,,
의료법인 대성사랑의료재단 제일요양병원,서3동,,,
리틀해오름어린이집,만덕1동,,,
롯데몰 동부산점,기장읍,,,
롯데몰 동부산점,기장읍,,,
꿈사랑어린이집,서3동,,,
나르샤병원,온천1동 ,,,
의료법인 강혜의료재단온천사랑의요양병원,온천1동 ,,,
(의)윤재의료재단 금강요양병원,온천1동 ,,,
대한예수교장로회오산교회,반송1동,,,
신창요양병원,중앙동,,,
해운대 오션프라임,반송1동,,,
맥켄지일신기독병원,덕천2동,,,
부곡요양병원,부곡4동,,,
허심청,온천1동 ,,,
허심청,온천1동 ,,,
에스케이허브스카이위아,온천1동 ,,,
에스케이허브스카이위아 ㈜위아에셋,온천1동 ,,,
홈플러스(주) 동래점,온천1동 ,,,
홈플러스(주) 동래점,온천1동 ,,,
챔피언 허브스카이점,온천1동 ,,,
(의)윤재의료재단금정요양병원,온천1동 ,,,
해양자연사박물관,온천1동 ,,,
의료법인세왕의료재단 세왕요양병원,장전2동,,,
(의)피터의료재단 새소망요양병원,기장읍,,,
지온병원,장전2동,,,
온누리요양원,반송1동,,,
꾸미랑어린이집,부곡1동,,,
수연어린이집,장전2동,,,
의료법인 삼세의료재단 삼세한방병원,부곡1동,,,
화명어린이집,화명1동,,,
사랑요양병원,부곡2동,,,
부곡어린이집,부곡2동,,,
롯데백화점 센텀시티점,반송1동,,,
양지요양병원,장전2동,,,
래미안장전 어린이집,장전2동,,,
스타자동차㈜ [메르세데스벤츠 해운대서비스센터],반송1동,,,
애광노인요양원,장전2동,,,
애광치매전문요양원,장전2동,,,
안평노인요양원,장전2동,,,
장전제일교회어린이집,장전2동,,,
아이원어린이집,부곡2동,,,
부산노인전문 제3병원,반송2동,,,
의료법인 영파의료재단 규림요양병원,장전2동,,,
의료법인 영파의료재단 마음향기병원,장전2동,,,
아이린pc방,장전2동,,,
3 pop pc(부산대정문점),장전2동,,,
신망애노인요양원 ,장전2동,,,
신망애치매전문요양원,장전2동,,,
한샘센텀,반송2동,,,
동래노인요양원,장전2동,,,
엘리움,반송2동,,,
화명일신기독병원,화명1동,,,
NC 부산대점(백화점),장전2동,,,
NC 부산대점(실내주차장),장전2동,,,
화명도서관,화명3동,,,
코코몽 키즈랜드 부산대점,장전2동,,,
기장웨이브리즈어린이집,기장읍,,,
맘스웰 산후조리원,화명1동,,,
더미즈웰산부인과,화명1동,,,
삼한골든뷰,화명3동,,,
롯데쇼핑㈜롯데마트 화명점(대규모점포),화명3동,,,
롯데쇼핑㈜롯데마트 화명점(실내주차장),화명3동,,,
순산후조리원 신관,부곡3동,,,
베스티안부산병원,화명3동,,,
오아시스사우나,화명3동,,,
ox화명본점,화명3동,,,
(의)서일의료재단 기장병원,기장읍,,,
부산대학교 직장 어린이집,장전1동,,,
부산대학교부설어린이집,장전1동,,,
순여성병원,부곡3동,,,
BNK금정어린이집,장전1동,,,
엔젤어린이집,기장읍,,,
평거요양병원,기장읍,,,
사이버존PC방,장전1동,,,
부산레포츠 찜질방,장전1동,,,
아이파크PC방,부곡3동,,,
히트PC,장전1동,,,
한솔어린이집,기장읍,,,
키즈클럽해맑은어린이집,기장읍,,,
롯데마트 금정점(실내주차장),부곡3동,,,
꼬마대통령어린이집,화명2동,,,
한마음노인건강센터,기장읍,,,
산새소리어린이집,기장읍,,,
키즈킹덤어린이집,화명2동,,,
금정구청어린이집,부곡3동,,,
의료법인 선우의료재단 BHS동래한서요양병원,부곡3동,,,
기장시장,기장읍,,,
기장군 보건소,기장읍,,,
의료법인 동일의료재단 금정나라요양병원,부곡3동,,,
정화노인요양원,화명2동,,,
기장실버타운,기장읍,,,
금정문화회관(실내주차장),구서1동 ,,,
구서오시게시장,구서1동 ,,,
포도원 드림센터,금곡동,,,
현대요양병원,기장읍,,,
신세계이마트금정점,구서1동 ,,,
신세계이마트금정점(실내주차장),구서1동 ,,,
나눔의료재단 행림요양병원,구서1동 ,,,
(주)농협유통 하나로클럽 부산점(대규모점포),금곡동,,,
(주)농협유통 하나로클럽 부산점(실내주차장),금곡동,,,
기장연세요양병원,기장읍,,,
참조은어린이집,기장읍,,,
부산마이크로병원,구서2동,,,
초록어린이집,기장읍,,,
두실공영주차장,구서2동,,,
㈜스포케이,구서2동,,,
메가마트 기장점,일광읍,,,
전원어린이집,기장읍,,,
선재어린이집,구서2동,,,
동성어린이집,구서2동,,,
나무야어린이집,구서2동,,,
바벨PC 시즌2,구서2동,,,
메드윌병원,구서2동,,,
좋은리버뷰요양병원,금곡동,,,
좋은장례식장,금곡동,,,
의료법인 좋은사람들의료재단 관자재요양병원,남산동,,,
반여3동어린이집,철마면,,,
금정형주요양병원,남산동,,,
일광어린이집,일광읍,,,
새우리남산병원,남산동,,,
애플PC방,남산동,,,
창의글로벌어린이집,금곡동,,,
남산(농수산)시장,남산동,,,
금샘어린이집,남산동,,,
그림동산어린이집,남산동,,,
금정도서관,청룡노포동,,,
키즈몬,청룡노포동,,,
의료법인 천지의료재단 금샘요양병원,청룡노포동,,,
금정노인요양원,청룡노포동,,,
부산종합버스터미널,청룡노포동,,,
기장노인의료센터,일광읍,,,
동래병원,선두구동,,,
안델센어린이집,선두구동,,,
칠암어린이집,일광읍,,,
삼동어린이집,철마면,,,
차타타 부산 기장점 키즈카페,정관읍,,,
정관8어린이집,정관읍,,,
효산요양원,철마면,,,
기장실버홈,정관읍,,,
장안어린이집,장안읍,,,
정관산업단지 공동직장 어린이집,정관읍,,,
힐탑프리미엄아울렛,장안읍,,,
힐탑프리미엄아울렛,장안읍,,,
원앤원스카이기숙학원,정관읍,,,
키위키즈랜드,장안읍,,,
탑스퀘어,정관읍,,,
탑스퀘어,정관읍,,,
동남권원자력의학원,장안읍,,,
동남권원자력의학원,장안읍,,,
동남권원자력의학원,장안읍,,,
정관온천,정관읍,,,
홈플러스 부산정관점,정관읍,,,
홈플러스 부산정관점,정관읍,,,
정관아이비어린이집,정관읍,,,
신세계 사이먼,장안읍,,,
태흥당한방병원,정관읍,,,
정관도서관,정관읍,,,
정관박물관,정관읍,,,
피올라어린이집,정관읍,,,
정관보건지소,정관읍,,,
정관옥스퍼드어린이집,정관읍,,,
한수원 한빛어린이집,장안읍,,,
오즈어린이집,정관읍,,,
애플골프존(애플타워),정관읍,,,
리틀하버드어린이집,정관읍,,,
청담자연어린이집,정관읍,,,
선양시니어빌리지,장안읍,,,
숲속나라어린이집,정관읍,,,
봄뜰어린이집,정관읍,,,
다인요양원,장안읍,,,
효성노인건강센터,장안읍,,,
효성제일노인건강센터,장안읍,,,
반석노인건강센터,장안읍,,,
팬오션(구.STX) 정오개발부산빌딩,대명5동,,,
센텀코아,죽장면,,,
기술신용보증기금,문현2동 ,,,
(주)이마트 문현점,문현2동 ,,,
㈜ 이마트 문현점,문현2동 ,,,
IFC부산 오슬로파크,문현2동 ,,,
문현금융단지IFC부산 복합시설,문현2동 ,,,
캐니언파크 어린이놀이시설,문현2동 ,,,
부산은행 본점,문현2동 ,,,
부산국제금융센터 실내주차장,문현2동 ,,,
비아이에프씨몰(BIFC Mall),문현2동 ,,,
한빛어린이집,문현4동 ,,,
대림찜질사우나,문현4동 ,,,
아이세상어린이집,문현1동 ,,,
제니스파크요양병원,우암동 ,,,
한누리어린이집,대연6동 ,,,
동천어린이집,감만1동 ,,,
홈플러스㈜ 부산감만점,감만2동 ,,,
남구청 실내주차장,대연6동 ,,,
새라새요양병원,감만2동 ,,,
인창대연요양병원,대연1동 ,,,
BH병원,대연6동 ,,,
샬롬어린이집,감만2동 ,,,
남부교육지원청,대연6동 ,,,
부산성소병원,대연6동 ,,,
윌리스요양병원,대연6동 ,,,
양문어린이집,감만2동 ,,,
마미캠프산후조리원,대연4동 ,,,
천사어린이집,대연3동 ,,,
대연어린이집,대연4동 ,,,
행복한어린이집,대연5동 ,,,
부산고려병원,대연1동 ,,,
부산예술관,대연4동 ,,,
부산시립박물관,대연4동 ,,,
위대항병원,대연5동 ,,,
부산문화회관,대연4동 ,,,
용당어린이집,용당동 ,,,
유엔평화기념관,대연4동 ,,,
파크사이드재활의학병원,용당동 ,,,
가나병원,용당동 ,,,
그랜드자연요양병원,대연3동 ,,,
대연성모병원,대연3동 ,,,
용당요양병원,용당동 ,,,
스파크,대연3동 ,,,
㈜센츄리스포렉스,대연3동 ,,,
리마크빌 대연,대연3동 ,,,
대영온천,대연3동 ,,,
해피실버타운,용호1동 ,,,
글로벌어린이집,용호1동 ,,,
부산성모병원,용호4동 ,,,
부산성모병원장례식장,용호4동 ,,,
부산성모병원주차장,용호4동 ,,,
아이뜰어린이집,용호1동 ,,,
W 스퀘어,용호1동 ,,,
W스퀘어,용호1동 ,,,
바운스트램폴린파크 W아파트점,용호1동 ,,,
뽀로로파크 부산점,용호1동 ,,,
호산나어린이집,용호1동 ,,,
효메디요양병원,용호3동 ,,,
힐탑 탑플레이스,용호1동 ,,,
해뜨는어린이집,용호2동 ,,,
다보네가구,용호2동 ,,,
빌리브센트로,용호1동 ,,,
